temperature,humidity,sunlight_hours,rainfall,ph,nitrogen,phosphorus,bod,algae_type,algae_encoded
29.598627143985244,69.3150602607592,5.597853407590069,4.782248946922584,8.51599903257977,5.6520223538018275,3.4866626898252258,37.19544436003348,Scenedesmus,3
26.219824622055523,64.91046455294975,6.888060802738935,2.1590254749209503,8.0842178742332,9.269282091596947,3.0035810607326643,26.24919273539292,Scenedesmus,3
27.84010306133036,55.736830745250145,11.079370510689294,8.09158276573245,5.943361933685591,6.011351092957396,2.5785805673969047,13.398934206802176,Dunaliella,1
34.622127230435574,94.334701048347,6.358202981329698,10.535987248795035,8.281318260198846,8.488922862886213,2.1389624604944415,58.226259564133834,Scenedesmus,3
22.698592218441295,67.965610025946,7.666560686813438,9.03589331950812,8.722992444289433,6.7268562125743125,3.337437985143444,56.04769882796982,Scenedesmus,3
22.748771491685492,50.52606903076356,5.796033438079144,2.720806271934844,6.536412450157472,4.257495650172617,1.9158512036909447,28.679031227017266,Scenedesmus,3
29.030026760569317,44.05951886973143,6.721410369152325,5.976468928278917,9.5,6.393439995825869,3.4496929600700956,114.19272681347245,Spirulina,4
31.24921318699584,48.4504896286104,10.095944772510823,2.454062786481281,9.5,4.7288912561793985,2.071094779063424,3.7873693757617004,Spirulina,4
21.674057361256434,53.49093061572015,6.943804136674371,15.265333756024253,9.5,7.836018363916916,3.635556134695674,25.700187580851974,Scenedesmus,3
27.53747161275035,40.72170659991827,10.69459264356943,4.4642518494532855,7.156482539143345,5.41233648828334,2.623301512670662,87.13352862096845,Scenedesmus,3
21.65047121008919,51.8481302339951,8.171185050621053,12.856261046957066,8.017815769638943,10.160038779423331,3.1163464183727294,26.574116763005723,Scenedesmus,3
23.45936800761254,58.15124847075279,7.603076151176188,12.990508847106144,9.5,7.323934766450054,2.8981383043568143,22.36467921527108,Scenedesmus,3
25.717546988477537,46.113120150733046,8.655702606696702,4.55908277856794,8.370146113562924,7.082808460673777,1.7162617206404513,41.46448962367924,Scenedesmus,3
14.426697758510118,80.71386612109369,7.230891291175065,4.138219680313298,7.007044052693495,9.460251511916752,2.26495453429023,74.8041151130567,Chlorella,0
16.737031134437917,43.02086671802983,3.086560827575271,8.406474546588498,6.87642802475921,10.815708225534348,3.0219830941997814,11.456054872234555,Chlorella,0
20.597941951094633,63.72222964268483,3.9643953419872324,5.4980693869928325,7.987794616788285,6.994650099658242,2.711772733586084,98.22718213113139,Scenedesmus,3
19.101124886419953,61.19744229373979,8.062062137146143,7.871693256223821,5.58776810746984,6.178919563092326,3.508804831070973,66.04733565938484,Scenedesmus,3
23.77210419860745,80.44531822623547,8.820772634905854,5.557263035838326,7.5348523106929015,4.321009008391404,3.111719802559696,17.791705211448523,Scenedesmus,3
19.003179044249226,43.05296143755965,8.047035451954882,3.163598168527662,9.287875691294643,5.975574896136695,2.2254816919206672,55.96827513897529,Scenedesmus,3
18.098608603676002,64.5021199129497,8.060562958428807,2.515575853209012,4.5,5.668350738977621,2.3420089150278436,32.324837129682216,Scenedesmus,3
29.152743840542218,84.36737719427309,8.739471709192985,8.19817397635566,9.5,7.521573900601148,2.7906726071555124,34.07373255019459,Spirulina,4
22.103288242336813,88.45270293899527,6.686271358261187,5.814717378498102,9.22088856742087,6.330040159773131,1.7113479897192354,60.82866913723004,Scenedesmus,3
25.33463988611023,82.29012222703979,10.753217374559284,5.372615990695056,6.9753649956345045,8.872121873292603,3.5919015729237938,116.89293564978581,Chlorella,0
17.39037618362183,48.11006777688686,10.117129632228384,10.206014578051112,8.426290288120136,5.810290798899181,3.1339376600163877,14.544128696104709,Scenedesmus,3
24.497024589513845,50.08646244335812,10.299498170842131,11.950736037736744,7.647621402556235,7.100651200550304,3.525628867635592,33.81463140575152,Scenedesmus,3
27.89783876961605,73.0001327822907,9.384007039803066,6.020903084155118,9.5,10.32617283462366,2.020673557821629,38.86946385486792,Scenedesmus,3
18.40987232953133,84.49961497908697,5.8517429930799265,6.7952804414963826,9.093004093956418,8.22660690385789,3.3459542749458655,31.88718397166263,Scenedesmus,3
27.627240989527714,68.66901638668732,5.070961141825684,10.267142141461775,5.224667757140819,6.671236226993491,4.1498452824863925,29.01207364278071,Dunaliella,1
22.820897723169516,70.20816775262185,9.433126166378985,3.7614941140724154,8.751164343971297,5.722442719077193,2.068820443449282,7.180279450170962,Scenedesmus,3
22.83825289063295,55.909415619458144,6.349678468543238,8.948150164920373,6.700303475296222,6.221210586386037,2.9284478427376435,51.48105410791577,Chlorella,0
20.34700932607393,83.0977954539465,4.985291786467119,9.659163592432337,7.21200061924097,5.496587538279265,2.4894067362820276,34.7360835502246,Scenedesmus,3
34.24032282357047,50.359307431050404,7.911627310024155,10.256072015209886,6.515343282226298,6.6195729519006035,1.9359835056258876,18.485684573968168,Scenedesmus,3
24.71704001702218,52.31953316406442,9.086005905226376,2.8135448390155027,9.5,9.37362858599059,3.0782688520361194,72.85752238283739,Scenedesmus,3
19.281967951731424,59.82076592384354,11.310175516261557,5.018126701178397,8.496078752935654,7.122939751862044,3.1065681704277606,72.71131778254305,Scenedesmus,3
29.756577018083078,75.00142030464089,7.922556195585797,4.711706949215861,6.268026498682925,5.276306065239489,2.287572376607131,36.66526761767168,Scenedesmus,3
18.186500609777397,54.00852795172809,14.52121047893119,8.211527125795527,5.331469095889066,12.364680900473887,3.2923320356006944,24.376009255288988,Scenedesmus,3
24.544168453243838,51.16061941488344,3.096292069416555,9.46736893390216,6.753064762793656,7.899856574058852,1.9033529176846993,55.33443281372636,Chlorella,0
15.284561434033753,75.45207033272241,5.918919718690833,16.173262770850897,8.536352815037047,5.056016926182139,1.9801991714898344,24.168693084610982,Scenedesmus,3
18.713372348158437,55.089610469343725,8.087087280434867,6.06661397138584,8.137976320333854,6.636614062327568,3.096044098763215,21.054253640364692,Scenedesmus,3
24.45559105501172,70.1026984836023,9.587674829854656,5.87341997079852,9.37073122236304,7.56744321207054,2.876185178697922,59.69906491705526,Scenedesmus,3
30.02378713857201,47.630859198255855,4.140698429645005,12.492221358606226,8.447798903569085,13.17916319252049,2.4760250967946593,5.715752215767854,Spirulina,4
23.567888906364765,58.49107713636748,5.976653569159058,7.990462660332121,8.350091523607077,5.243018257750344,3.3828029388721217,11.612784464148438,Scenedesmus,3
23.71583122179574,66.68959557239366,8.875821846736738,14.03055223286922,8.557667086741873,9.918974674311263,2.87182474112485,1.7492210181274437,Scenedesmus,3
23.191392682742215,45.16937953933986,6.873396657367315,8.463512822894186,5.576397885554901,11.256058286174461,3.0299984111380445,14.25032116449183,Scenedesmus,3
17.04727809483522,55.126330450971125,10.965408373205078,4.161192713812887,6.951823347177771,5.833090303211697,2.5053759117965755,8.418112001226104,Chlorella,0
20.796142243407115,47.68307116827967,10.753667295287423,3.7910112281122634,9.417197424793,6.825172932555185,3.271045139019374,139.74428732513468,Scenedesmus,3
24.820176885610046,45.00685450889567,8.263257214401026,3.841006396677851,7.396653108991317,5.7927924816950584,2.418455483650836,23.60143462453424,Chlorella,0
28.99713389918119,85.4272820931164,9.80235822599191,9.604190202117051,8.136136336614497,7.106189665858111,3.8426140782705946,14.11951846213906,Scenedesmus,3
29.979330709115498,54.8513884861256,8.637185638410953,12.055202150691743,7.174677629633051,7.3197412141784275,2.2607699657631053,21.836516392321613,Chlorella,0
16.538539681437587,76.39694805107929,5.366302625870345,18.93786449913615,5.734490659727449,8.933191725395474,4.092096671922384,94.857490687825,Haematococcus,2
26.742947167189776,50.56430955378029,4.7771141275363735,11.051345295924538,7.189255233576447,10.417249544447186,2.774051796139134,42.50268215828913,Chlorella,0
23.6240411093258,69.30615927899164,12.041822561657568,13.4247377915741,8.011934355972727,6.124970296409147,2.090424812659175,31.593227163893438,Scenedesmus,3
24.34965874687185,74.49913105489232,6.772270182532332,5.690328345235501,6.353735524499269,4.219892565746474,3.4257658744465145,84.29247630474867,Scenedesmus,3
26.66445086897427,74.73455537713558,12.787679083927403,4.410642426346571,7.385511768478269,7.220282742551509,2.883164674907069,31.263032715433955,Chlorella,0
28.465687628954434,60.668562449118276,6.6007282402934395,10.450893357943709,6.660011130122901,8.20029308033285,3.119720091136366,27.69811547334547,Scenedesmus,3
28.53706987950102,60.97516684643556,6.8923500040094705,8.851701671146666,8.832687250274818,8.154246957371218,3.4450095584308755,17.45325687904458,Spirulina,4
20.837347544546464,55.999088443828306,12.216135622246458,7.964018324935731,6.470667307299098,6.361893009618821,3.008234613481091,30.21382980786859,Chlorella,0
21.43013166214789,91.5736647005573,8.216528517603312,9.31369059674522,8.710377820270454,7.7353596330990175,2.3371554123184466,25.138270190248996,Scenedesmus,3
26.686091249433986,86.87598710838994,11.399622376510056,9.637460571345368,9.5,10.384052394406341,3.2099714562469224,56.16223962007498,Scenedesmus,3
32.40769246576732,92.06411246126157,2.8717356788386192,14.710875226821686,7.1337753426682715,8.485514098538589,2.799120773226496,27.592618428409033,Chlorella,0
22.775250418802827,46.9222594678919,8.457289932866345,14.078507219772487,6.0495533396655485,6.824187369686502,2.9842190952996956,46.37781013035658,Scenedesmus,3
23.71943321366125,75.65906993571885,5.734208779830667,9.267993064632794,4.5,6.597140925047754,1.7329528344225231,7.512659255947889,Scenedesmus,3
18.866597700096815,81.73731279665876,5.144990967204845,10.960317674199999,4.867737670553306,6.883272996624533,3.055075776723304,17.47322917286708,Scenedesmus,3
19.873405097086454,53.829290316295626,8.217832960317452,9.271527465606118,4.945667622203008,12.260174438446665,2.6380730473489264,32.66566863039742,Scenedesmus,3
27.8625855321146,41.679178782584266,8.821677536502428,6.059647270531156,9.5,7.491635625090565,3.8980758120936105,98.90133847364135,Spirulina,4
34.71523405762982,79.61293018759852,6.044346221710958,10.924962960513806,7.725699143026408,7.864536318409724,3.1518026059777644,29.269771495578595,Scenedesmus,3
27.021843709118418,72.36451663705044,4.645932785164848,3.4358977064282006,7.912282490355269,6.384327946629607,2.927548988899302,53.6345512863533,Scenedesmus,3
30.403017456041642,79.81225009043409,8.710750627695024,12.24245319703256,4.5,10.346381431228062,2.83519054361507,20.756788249321865,Dunaliella,1
26.792745197472335,49.42735758072344,10.747617735236252,4.244739953234204,5.83746876162457,14.041383386662467,2.2391023012803,12.58949316149027,Dunaliella,1
22.89650123663279,82.81117644944004,6.643845327975319,8.674016664397415,9.392202721534671,7.823867677805968,3.7552764525917053,7.938619106179291,Scenedesmus,3
28.27438999723176,54.40830546631938,9.387082187277821,4.980142760682955,8.040383446222355,7.4524749796430205,4.11329910782496,24.21502913187723,Scenedesmus,3
31.372781979845932,47.05207586419743,4.162052008875067,9.93098430121811,6.970745820277659,7.969950091163818,2.957638668046333,15.853854417257068,Chlorella,0
24.16739198422769,45.113503164917205,3.768909641236468,7.85555814540005,8.36585797126051,3.789812339042824,3.8071760942076223,15.456694902333782,Scenedesmus,3
30.653033354601128,78.68835856037748,6.217524313334252,3.368121167635106,9.273802447614399,9.410631613227265,2.3880436204007633,69.07331405885645,Spirulina,4
12.144694185104996,74.02489010994465,4.305362532715453,8.942900493887242,7.547632504195545,7.113348351473995,2.324496478591159,3.047420913336212,Chlorella,0
30.079773157922126,66.34581935467537,10.95127910261478,5.281290398029919,7.635172143835805,8.38130796927583,2.57237142396376,43.17359385313992,Scenedesmus,3
23.718451526585422,56.801704636644196,11.43260601154298,11.622891912918027,7.100295918211711,5.792835087507724,2.9178981259816745,31.03637712118086,Scenedesmus,3
22.969991571266476,75.8547595138663,8.594103307750562,6.4916326710022165,9.5,6.693115033094393,2.6870202921885413,38.53511882081416,Scenedesmus,3
23.743830219283886,61.024818238281014,17.118165319796404,8.921403943302037,4.5,6.267537908774991,3.0751950827995667,44.38419824695668,Dunaliella,1
14.385262305013198,88.80119942190173,6.876027764021924,4.530671673115141,8.382875729342057,9.524227550278226,2.8870386755810826,26.794500376017798,Scenedesmus,3
24.560151146632663,63.39492021727382,12.614897454002666,5.127773444530538,7.226711240014665,5.914467086586164,2.437361186625196,26.010633713522424,Chlorella,0
25.803226357463572,60.63951811103259,5.081768093719461,5.6021797355209655,7.83896002020115,14.644941695240284,2.810300292283466,62.61084323456553,Scenedesmus,3
31.90229055643626,64.94102707468906,9.708969332953494,11.799252120597966,6.698461901991992,8.240555254601691,3.051504897312873,79.99669121583523,Chlorella,0
20.585356049808247,56.162139751254685,7.1396654492262845,17.29051531996777,7.185757927284375,5.079037542170904,3.0540221462645607,17.752768679968124,Chlorella,0
21.153474650598376,80.98510648260265,10.273957546744484,4.96538398814219,7.643389998678293,7.108734220724482,3.4309082806711237,12.25458044144907,Scenedesmus,3
22.44142674479024,66.42367289509018,6.916436589277798,12.853617925642938,9.5,5.752581447240584,2.105000976567239,90.74951787574483,Scenedesmus,3
28.498988815669197,50.80376139734414,10.642791117180838,2.508743370807193,9.13944576324717,3.5846583120649154,2.8059916416837942,27.19825740932557,Spirulina,4
26.391953011169164,81.59662238357988,8.97432241885598,4.319734687568166,6.107413676918736,11.339227848697659,2.1991739427810475,43.35604398227635,Scenedesmus,3
22.552689318635696,58.45766675656059,12.084957472043929,4.603253175151278,7.460868249038052,8.79439359234399,2.2345564827957776,28.679861350334416,Chlorella,0
26.443190658650966,68.23276701499091,5.118814651179328,3.483509690357998,6.966154309136184,8.82974850849197,2.264909365727228,13.033443029287668,Chlorella,0
23.60423157924648,83.97513865345873,6.351198488795299,3.620314063858062,4.887947893314758,7.456022663853563,2.235689031024124,43.417616983505276,Dunaliella,1
32.53743315083705,72.33113253595299,7.3379101151242265,9.252068211372114,6.959894088344557,5.307467812699256,2.3952383296956,40.234670191378626,Scenedesmus,3
20.809291415127877,46.85154177833502,11.321488228510589,6.44342816145814,8.569883135900733,6.719388098982044,2.637647923654169,20.284926436521246,Scenedesmus,3
23.248665293806354,90.61558702881844,4.932965215189559,8.372752941596397,5.515042672474487,9.896258597573487,3.0338774727506674,36.64923970820212,Scenedesmus,3
24.20391927771175,75.96404442219817,6.049991368593552,10.642321721430418,8.935603638529281,5.358226676556585,2.7087423638440384,59.73685608021255,Scenedesmus,3
20.802537988854365,56.96660837589571,7.370982559416833,8.389095161584171,8.450158190026452,3.718996472644981,2.0702069462826147,49.17396392090687,Scenedesmus,3
24.832863904875747,43.89270862085224,9.402906674294078,11.074498184951057,6.099247191320984,6.82715520906495,3.3524381841515574,11.505585370910795,Scenedesmus,3
26.89691781948591,78.32599790538939,6.645574445494919,7.013151561544457,6.8956656729761345,7.070339087495236,2.2743676678341025,42.1070638776582,Chlorella,0
24.14022241711139,71.16006792525161,7.225828016114478,3.910763007305628,9.341642531579637,7.761160259945354,2.668219609247209,58.913331544201256,Scenedesmus,3
23.18517477066362,60.55323907324629,8.7528784762063,13.101448776431232,9.479986082185501,9.51667083545627,2.856549511709237,64.73800841148497,Scenedesmus,3
17.277723019140943,90.57525047991692,7.4656513205325865,5.758458100090785,7.7124034466506375,9.231583529571859,2.7662735653628676,48.55937900759053,Scenedesmus,3
21.6080800507357,79.99531344811179,6.957794484034286,4.667385494001098,7.252231646452271,7.795821986371068,3.337527463683655,16.211080250679537,Chlorella,0
23.238351002408017,48.4910537690999,7.4639500417380855,6.988735680565005,7.2122694631264395,10.294895499342184,3.232827852445367,56.87915558147803,Scenedesmus,3
19.44122529238786,59.38131814615051,10.732876690483725,4.672566099216575,6.942182735318908,4.834622411933314,2.396436941640183,49.20705915591937,Scenedesmus,3
25.33890426676588,50.77271220588278,11.107282977905626,6.067278950730219,4.5,8.90409930844721,4.39903881982235,4.230690549408537,Scenedesmus,3
27.094563949972308,79.41303940605799,7.549925559307535,9.287255931215176,9.5,8.741641375923038,2.8782831777283997,32.64158396297897,Scenedesmus,3
35.15817094469569,41.4476834617408,11.213850400645041,9.069870285601164,7.355377864116797,4.690061819461002,2.491897353667167,29.004648595508993,Scenedesmus,3
25.269806752166247,67.86403749295235,4.706531668423493,4.67666488364067,8.162107514760283,4.65861835327286,3.289410516842855,53.540477606376065,Scenedesmus,3
25.805103656666343,75.10663752856503,10.55631715260165,6.181601816004215,7.256041541846199,6.091641232678666,2.9959879797044056,19.087106561735578,Chlorella,0
24.981873313062952,90.82034742106124,8.96799586912635,11.14875679664985,6.152431636853429,6.605903452995513,2.758994329736785,48.81575655844901,Scenedesmus,3
14.509467344650247,56.03195807976437,9.038517616775037,10.442399680691752,7.486166529046099,8.708147210734536,4.617107639768637,91.27354595162302,Chlorella,0
24.422315508184756,83.89789403269204,6.9025694613372375,19.074943579407794,4.708722564615895,6.013933708546729,2.8715256452712667,65.79310998193537,Scenedesmus,3
24.213690481754803,41.26298376261682,9.347781527344676,12.91264890152989,9.5,5.603734361280395,2.6863336568947127,98.56238448566222,Scenedesmus,3
35.65457789960924,87.17960163404639,12.469895932666205,13.06711229630149,5.8415388266019095,6.567289701686721,2.979125208324816,123.79631618175664,Dunaliella,1
21.50236000518705,48.81421791042262,7.117269023169261,3.664583692409579,5.6902663920201375,10.31749602428953,3.4047140786488956,2.4323804243573877,Scenedesmus,3
28.28286254191167,60.1560060828334,10.282394552953825,11.370537509594005,6.559074807168252,7.0814975997554725,2.1084543445930466,49.59451493612577,Chlorella,0
23.974225453804873,78.95853291532595,6.925768615527851,6.814853919084998,9.326933409349321,7.197807015235478,1.768861605505184,31.088392073241412,Scenedesmus,3
20.270926869566253,48.44578880811853,4.10844060138181,5.682908557318455,7.627833982555036,7.004543121404909,2.5133054121829943,76.37377145715885,Haematococcus,2
32.35546453653494,57.351922214398265,8.847955001036787,7.804269223524761,5.602646898547734,10.22100236877115,2.0246785189977863,21.91547441380772,Dunaliella,1
26.910419115449443,69.40239943567644,4.00044632443248,12.028213202978028,9.5,5.638301303564994,2.533052843819275,124.03421423310215,Spirulina,4
27.37940367588972,78.9736023315346,6.903874687721796,9.460941731133332,9.354273752205863,11.915022497627996,3.203442389067235,51.43514441615046,Spirulina,4
23.071569107920194,68.77294385152392,14.657086095510603,4.784584173304185,8.096755713127896,8.021914904078837,2.2134258477792765,68.49675192918998,Scenedesmus,3
34.81667621964088,74.62302958043435,9.655444101139105,10.416052418525682,7.838337895132265,7.0798146276123575,2.0243280048575563,10.4308681974823,Spirulina,4
17.962392609730124,66.30413543011272,5.116922525964721,5.23502797290384,9.5,15.451355708609276,2.7693958155486085,17.2601003169408,Haematococcus,2
28.293762160336648,51.46369109418677,7.4587120694847115,8.352851734079504,9.5,5.461972204756643,3.0637992006407435,66.519147746717,Scenedesmus,3
34.81825986227649,57.25482503412793,3.175665295750434,6.648766297040642,6.596986117052716,6.738307709015535,1.9587137732505415,4.031818648707652,Scenedesmus,3
20.480693999925915,46.29663632340444,2.811515199608185,6.424998239849759,9.395443329719825,5.179835993615123,2.9275921159923937,71.20087825766376,Scenedesmus,3
21.373568596605885,89.81828780122245,8.51568122056275,10.367868130287214,8.024732277484217,9.889409348664227,3.3685582679320007,2.9089867093998523,Scenedesmus,3
22.90718291332689,62.96458120824348,8.856828674271933,4.527252009728356,7.787328638285624,12.79788019633709,3.2974392229017413,49.82226193143972,Scenedesmus,3
20.997019787296367,61.66301328805362,8.240293206058237,19.510855840316914,5.121073142666475,12.208487236243325,3.378075706025618,30.296208720021678,Scenedesmus,3
17.26487184129442,62.07006482971535,3.818756933590558,3.0960987804336,6.754955499620205,10.145718277480249,4.0462433939267,48.06785982263092,Chlorella,0
23.90959349605898,82.24932308337452,6.042593974162202,5.232131014166148,6.186512701290058,6.750483229384441,2.5017320500964684,54.76422963901149,Scenedesmus,3
19.622251875434486,48.14992633162307,7.109803114013918,8.100488408513723,8.30308772821524,5.966927512594547,2.874125396640446,29.5587856452912,Scenedesmus,3
25.897398020441347,63.91576149238114,6.480388322828121,9.63252433917493,9.164367966071152,4.929203758349066,2.5695504188888414,11.036539885121675,Scenedesmus,3
19.604765214727546,65.42408851967056,4.121653433268838,6.757757333959735,4.5,14.196497499855207,2.6234262956777226,8.485587937173937,Scenedesmus,3
34.14671622349847,65.55189767665046,5.3364837519595785,7.151752621389888,7.532941373044476,8.152332067508214,3.5372581651553126,48.60363652369024,Chlorella,0
21.34462423443687,41.84893766527374,12.886478835306942,8.783849853945911,9.193054282345832,6.2853432051924,2.145374589779816,41.376937345790004,Scenedesmus,3
23.378390026875294,79.74209545227953,11.748092471955406,6.8267329617503245,6.863798557392246,10.655276347065106,2.205610453915697,61.09587720160922,Chlorella,0
30.345054134571818,84.65297666871265,3.9620613013095185,14.615437306072272,8.862951862094794,5.944511108953298,3.5909873712797085,40.39886702708163,Spirulina,4
19.298548167583718,69.25985933890281,8.339833812418647,11.326783246165677,8.007176721029435,7.755068900599313,3.354074810793134,33.82247018526456,Scenedesmus,3
28.02776258499205,71.94197672342392,5.33442901021467,11.522054770499082,7.616461391220273,7.056285246185757,2.5673039468380487,29.405313085688675,Scenedesmus,3
30.81061426783699,85.87536167496677,4.483755555862693,4.602603814931965,7.887775221016003,8.900985255632275,3.3632193649659987,4.399873661149191,Chlorella,0
16.598197860275484,69.65767217247426,5.373864561310739,7.0929306428650705,5.810318921664915,7.549173887768574,2.7264845032907443,29.767178605643462,Haematococcus,2
24.236725503615848,49.12928625483166,11.829224697447792,6.520666609450675,5.773123546166347,4.756478587004756,3.318848412569855,116.30353657809319,Dunaliella,1
25.735316897649234,74.88699382653375,8.112559938010282,4.291359519923383,9.170021385907496,6.894029971931824,2.6808107843615647,79.86618750117565,Scenedesmus,3
30.303646519106564,80.15535788697426,7.100809928906922,9.466067293121169,8.22255612570426,9.99438923999545,3.6377822609858557,26.389261674752657,Scenedesmus,3
20.038225584874212,61.48553787656976,10.205840949109433,5.580507701350708,7.239235550326735,6.968540866352042,5.076997116132949,45.93134046885678,Chlorella,0
19.28108806724219,79.8497910527946,10.222426768778746,9.581894934133427,6.983394618787443,9.360564688246003,3.3441971485881634,73.92257954508793,Chlorella,0
25.13285216693671,78.99770465659665,11.226361145540356,4.367819643414873,6.694330232979623,5.786893311970855,2.7187431895789995,35.70614650956462,Chlorella,0
27.919274263753383,92.76110323718156,12.388087940148685,16.710363613458643,9.003613073181041,6.693479471817826,2.8609705569895065,3.4835554347401585,Scenedesmus,3
23.839182030049944,64.96931150749428,9.50443516062647,4.877140248510237,6.927490510268224,5.881508449753881,2.2307584630634114,9.434799659077036,Chlorella,0
27.932675487352913,44.55703620807714,7.281951145982161,9.156314714150497,5.539123191691702,8.989620048063161,4.247839306165555,37.84901905356074,Dunaliella,1
21.202671376464316,94.76248810541927,5.24395583432214,10.546634311951845,8.758822186856738,7.31686173621064,2.790054579982841,113.04131770510133,Scenedesmus,3
27.080226618107318,80.9022534346459,8.003543081467559,5.647211160768184,7.394018488643513,9.424946822579122,2.7412595271958593,55.25249721412753,Chlorella,0
24.702175948410147,45.1743370757012,8.363014169888832,10.322907001551858,7.636769369177804,10.15126208065606,2.399685022531576,8.977731188829956,Scenedesmus,3
22.683046135958286,88.0870347507347,6.293361681663342,4.087157565003493,9.311361706023163,9.281865435643839,3.423796889226846,16.960841136689172,Scenedesmus,3
31.814325987904358,79.0555885759838,6.905370010302473,14.596220131576134,7.118681154827518,7.769042544542783,3.0892399511544304,67.76834467061138,Chlorella,0
26.45441198026562,69.31029690478638,6.513576949882566,7.2090304547166975,7.717021740197968,5.5398474281949825,2.342685538905381,79.57884290831257,Scenedesmus,3
18.09312263442557,65.89084007291966,10.676019682987164,5.181817554448987,5.650730045882519,7.670002093001184,3.089213737507841,46.30111275026488,Scenedesmus,3
25.801966464467956,56.802588862982056,11.049703760251255,6.5953346961303465,7.547224454430666,6.066432756194392,2.080374151645267,49.8726112384708,Chlorella,0
20.221717536484064,40.79416210520263,5.987625561306239,11.630111629973493,7.925023827632408,6.924770287443695,2.8759949552045088,4.567251553185416,Scenedesmus,3
31.548420650417526,58.91531795134069,4.431824230920658,5.523109029711835,5.074602304524448,6.621056640307138,2.8219704183100944,82.58397523467026,Dunaliella,1
34.89907557298996,77.67117114184519,4.01826294572227,4.860483704765826,8.173001747609504,5.794880905591726,3.9490748564918228,65.5966240926578,Scenedesmus,3
20.998099632952453,37.519999712787566,3.92390881916673,7.1399628984840415,7.53646568310724,4.066067729973782,2.379542414168882,24.275870595375725,Scenedesmus,3
31.48167826114955,54.958614138964414,8.716293695616535,3.9482657237866055,7.736012756374316,6.1622373037177836,1.9923402674727386,53.86088130648273,Scenedesmus,3
27.37797399203845,59.81245426600268,7.572978842797461,16.376852140178094,8.99255553652243,7.814503733898957,2.1834554619276227,18.450339266592987,Scenedesmus,3
29.836432793160142,62.92121162978758,10.570920865236726,5.694287331556931,8.104392359610877,4.907303791563346,2.152288774404911,5.756487345239436,Scenedesmus,3
33.894032809240024,81.04096776141503,8.294107723989995,10.580211126226205,9.5,7.520014773534021,3.5097219241195416,17.69164534914159,Spirulina,4
24.00493818696263,63.367989957084546,11.664501698964475,8.610501994646361,6.210056084388253,13.417596487732908,3.9995679154062214,16.689154128273387,Scenedesmus,3
21.801888274662115,54.88008948144775,9.769846618712819,4.430410161788554,7.108739863787259,9.41591789197442,2.9706803875642467,26.707991591021568,Scenedesmus,3
19.95799025972516,75.63336729253535,4.206049938793913,7.589469434882471,7.488156591603807,12.965494136831904,3.3859229444286765,31.87868543246998,Scenedesmus,3
20.839885862026296,61.461245142091784,2.942994473056597,11.701653367993226,5.983549638081719,7.536396194962905,2.790668759510339,42.11289118682433,Scenedesmus,3
24.542580069696612,50.15093060344863,4.898801155144927,6.318757567918586,9.172855978512459,10.129099268682578,2.675514849305058,39.720414631580155,Scenedesmus,3
27.809246301671962,64.56747383252849,10.566402348587403,13.0377832227212,9.5,5.918517433310166,2.4505027678629916,24.27913191228566,Scenedesmus,3
24.977173458695702,49.2730183971781,5.3993493233054055,12.26766534286587,7.328355372795392,6.215872172571148,2.4380988553848932,4.910300210433419,Chlorella,0
29.060829771525913,48.072524511782774,4.128937960656847,12.597811878021327,8.868375004817691,3.5047361752742066,2.0645416857434813,47.829506884422116,Scenedesmus,3
27.461231217800055,60.904879739464896,9.672615112188026,5.678564378504075,7.37546630202397,9.567050867751277,2.9869293944159105,30.868992424042236,Scenedesmus,3
34.14574585143016,64.82989154422091,5.846817450210726,4.178293222353967,6.856757771143069,11.43163757457931,2.777845340553978,23.863580584842463,Scenedesmus,3
25.27392228128363,85.33355685480002,10.039957631870017,5.56686426930694,4.963778880356265,5.593555119247566,3.394325348822918,81.26688757591018,Scenedesmus,3
38.64800031775447,63.14798375857763,11.176511534059111,7.915590941737662,6.147144921250647,6.857852445648234,2.694580075939627,58.15152449340034,Scenedesmus,3
28.579793117010176,61.27884318958436,4.753033522465057,9.781479177355218,5.495148204573808,5.973506493324321,2.8515219355555357,74.1703448147926,Dunaliella,1
21.752238850396466,72.31288703494786,8.289215175831945,2.3012744128603773,9.5,8.947112841618203,2.180750815383992,41.01974869739834,Scenedesmus,3
21.178140436199843,44.55474326554171,6.02565399889188,8.173920827373342,7.55652886791069,10.417565622211821,2.6181539462618146,14.78553218452717,Chlorella,0
24.73745979236876,71.88433043981824,8.227931256612841,7.4579554413567495,6.903186707621714,4.6091931144592255,2.8735103806965774,57.29888180005487,Scenedesmus,3
22.31187248415995,48.35044664770292,10.489090434646599,6.328159437985853,8.698024215806154,8.598651991302168,2.114440556038257,19.85188060843052,Scenedesmus,3
30.440543531060634,89.35455804478508,12.672316362126418,14.06953114458904,6.215600062392619,6.652520229463719,2.6965846705310996,34.42617038281669,Dunaliella,1
26.98731781290829,46.10786447315456,3.985428462231789,9.996385718281791,6.318361520354122,7.106186538445969,2.9228689070249474,7.712466458883306,Scenedesmus,3
23.80843462381571,59.783580943827815,8.755711518201599,13.283965010067899,7.916236008667253,8.596495672763242,2.3833518467254775,74.68208516072691,Scenedesmus,3
19.463834087222057,43.519772200146406,5.059542826534908,7.290622432370051,8.941259083744793,6.462424479359164,2.2726056174867293,13.506340756865844,Scenedesmus,3
16.94218437713764,87.0252221853848,10.537575460555756,12.254565120573375,8.940236792400006,7.626840708521488,2.790694539873148,88.29381043884256,Scenedesmus,3
21.171008348727177,69.11027768677222,8.088252321722866,17.084531777653186,7.605478662010274,6.873691760338254,2.126692698713115,78.32446022425742,Scenedesmus,3
32.34356446602916,71.37770431120681,2.947186837881918,13.536122553265594,7.383274616003514,10.47651685195323,2.656455858497495,38.29677851409972,Scenedesmus,3
26.0412228010823,43.89710848098693,10.162379119766772,4.402119426337475,8.717810209077317,8.176991617548026,2.161144910119951,58.46547560517551,Scenedesmus,3
18.716915738516956,80.63115626543525,12.348340612221367,6.273391510002764,7.628895106181851,8.000692107141045,3.2325384075324943,46.973837877442236,Scenedesmus,3
26.626461388984957,49.827843568480226,7.423230726528379,6.611602239949983,6.431764791755716,5.099423643059958,4.6496605968860605,65.62445498869032,Dunaliella,1
28.222220439981523,81.61611418539688,7.99028540173199,8.978706822887256,7.906641198777426,6.58089879573389,2.3102959865744355,34.32884551508776,Scenedesmus,3
21.554065444441285,48.74267808188537,2.1638960527599833,10.355344736626186,5.843926794366008,9.466226408332204,3.124935774048476,63.0754018095732,Scenedesmus,3
27.15191362138026,49.53880212550276,6.272406798760858,4.722778599937887,6.930611778914555,7.619736033482034,2.1744240649357107,35.139409966547696,Scenedesmus,3
24.493306475979203,39.61227538535433,1.9292560455187813,7.2665558661629595,6.772480121404297,8.5886774391256,3.547300188583246,96.49875678706663,Chlorella,0
18.99792823234466,62.01243349768237,12.215420616161655,2.791089154037289,9.5,11.793825492766691,2.2478514661099176,37.644478506363804,Scenedesmus,3
27.8190138225505,66.48101360716207,11.179846982298553,15.601909588562245,7.874372666948502,10.717402558460007,2.6935197028419666,33.68927601346906,Chlorella,0
27.070748398505806,47.88354867920338,7.665950198411106,6.064831179925858,5.822016313663195,7.874742854106347,2.2022939311350003,66.89502372113044,Dunaliella,1
30.40749023980097,67.85082573108278,15.157039135861297,6.922150192535677,7.048752871106345,6.359771278033355,2.672699782464489,76.36045301774902,Chlorella,0
30.872519484012535,62.1016532590558,14.35055543037899,6.665976107183338,8.610688836650365,3.7206838231055674,2.2830361647301842,43.688549075832675,Scenedesmus,3
18.822703154083545,71.93324363398622,1.9966974736280438,14.746989605527899,9.5,6.931011875371883,3.0955220242451773,18.307169612377457,Haematococcus,2
18.50556202733443,62.41608752695191,11.697809843774643,1.7478838811432065,6.9708967364787995,7.143739377841088,2.264176443626878,39.223042463238826,Chlorella,0
28.560638202598675,62.29984272252147,6.939668764891218,8.022319888892081,5.254181190965868,8.380019603227383,2.944881657612283,118.46893655105144,Dunaliella,1
27.246753647917785,68.32133627574972,9.321629277382964,6.916052946072043,7.877816082391049,6.694133978140926,2.5515119687404693,62.75639073107472,Scenedesmus,3
28.550654184395736,46.16835303855812,6.383356996509155,5.485418345998767,5.386911729643783,7.332110731749702,2.815785706253566,70.37082260565134,Dunaliella,1
45.98314936802293,43.592905719013814,8.22819493234543,17.24830164633527,6.450181608214287,4.547274518297092,2.6918704100684763,5.381120026995557,Scenedesmus,3
30.093832242463165,83.94283931685682,9.045775443812296,4.989911785275535,7.041506761708217,5.539699281131679,2.450922049269719,36.05760956747859,Chlorella,0
32.753879124883426,83.92002639460864,7.524304119606549,10.413320003551215,7.757933327659243,8.834888623911135,2.7242837579082972,46.50001105865251,Chlorella,0
31.774381330928932,56.317863343481925,7.874865410779391,8.564705354422564,8.663950682324485,12.114227804651083,3.5351695188810472,75.0224570542972,Spirulina,4
30.296642709405475,52.20151379141231,6.309275801510072,14.296357142438344,6.846217080810768,7.473500617784731,2.4217618892308432,6.4473490189876,Scenedesmus,3
23.764911799706454,78.49892484740006,6.899178020577052,5.293917138637899,7.210547738631788,7.177970779185633,3.594582860155625,73.35769872541088,Chlorella,0
28.841184333867353,67.70373183805967,10.215511479005446,5.271566754949026,6.99311181090526,9.331608807391117,3.824045225871148,42.90802993098487,Chlorella,0
22.058261518895222,41.71751895295991,8.948896845844295,12.933958348717555,6.7507957915583585,6.077138015722544,2.156992983025253,18.123423696045624,Scenedesmus,3
24.687665557856416,46.696658897524834,8.974866517806236,9.359191285840037,7.703635863246247,8.145640463886425,1.9845969626144835,24.449448436050872,Scenedesmus,3
22.224351836226028,71.337005052566,1.962261348253779,3.3390263088197183,8.066790749842028,5.978541310512322,3.006322297508965,24.132271245554367,Scenedesmus,3
25.92368609999185,74.6551082440726,6.403456209354208,5.707992752241337,8.337575706169405,8.932832553106104,2.441453193919977,43.53104780427298,Scenedesmus,3
36.50911316551107,45.04138481723893,8.67018328285116,8.548135755084408,7.401136634140775,8.446836032892458,3.7379645953180862,6.66262679974847,Scenedesmus,3
14.994887700660215,50.4666706214939,3.851953549490258,11.956962444192008,7.879854413826973,8.562204033776625,2.7999982145658295,16.486909419964757,Haematococcus,2
30.265774837104946,45.42143268239492,14.378645817799322,5.094477782853157,5.0768106130375905,5.784231321112314,2.232596885969699,65.0191426007147,Dunaliella,1
16.983164523587874,76.06024030442637,8.391139025861733,1.8180763976558045,7.827554145964184,8.950124003468371,2.3548913929246433,15.068166562164835,Scenedesmus,3
24.959513315547888,43.0048832061575,9.68818746571883,9.48643130233085,8.296781729645371,14.52124543235324,3.6414615685016605,20.24419112124333,Scenedesmus,3
27.970367452587052,41.62098746628953,5.830422378236879,4.054749629103069,9.284350994053227,6.00228095314953,2.4980761405364187,35.98633744070842,Spirulina,4
24.616479191885528,80.70170397930025,7.275204264975178,2.6281258504604086,6.126897412882488,6.991241431607877,2.9288229819992604,36.63472011212268,Scenedesmus,3
19.64328057226674,50.03109512639173,6.667258257304661,1.7018255430551226,6.7982892411868905,8.780833195558689,3.3015593277708577,63.62833387979372,Chlorella,0
22.641814596242266,72.37178952147114,9.273816933571277,10.132117180064876,6.654549447720107,8.923667467834816,2.561789407853748,35.69486526754486,Chlorella,0
28.965195082023307,49.85672717246906,7.945204168922423,7.464059129435059,8.593069034431675,5.9912728118748095,2.8924332219616926,66.96460629551963,Scenedesmus,3
21.679568049212524,47.25650961626242,10.371931999461278,6.493773452419628,8.853280675112503,2.9707177036910504,2.7425455610880833,47.394098348363535,Scenedesmus,3
24.612211724561416,51.10662321645532,2.005990525679644,14.95507067095095,7.257939954261987,11.354390232683407,3.076594932428142,11.590148887826771,Chlorella,0
23.768501465949072,70.46122213496369,4.5937196852793685,10.675449186517007,8.992756726417074,9.3641979769863,2.798448217386012,16.210959353069974,Scenedesmus,3
22.092593050145943,74.30155423682119,5.020727963293011,16.209703111326718,7.4241355141220735,4.34701401571363,2.590398991112823,34.60852300093934,Scenedesmus,3
33.283446208688645,86.64964806268115,5.875525116563901,3.520251170410955,7.3091744045972575,6.407025373533871,2.866454804644163,34.179855795360936,Chlorella,0
27.420456067864365,61.704826370773354,12.90117177911316,6.7386180063449155,7.096888082977119,12.556612379581313,2.6428083494991745,59.7833781191083,Chlorella,0
15.24682647418765,73.72713847091163,5.352839215436406,3.3715175193337417,8.830750887085172,10.538015723008312,2.0738007578353086,44.55091389865134,Haematococcus,2
24.658576583733982,49.143042031528644,7.274870961053598,7.044040012697561,7.517142258788352,9.499972160947495,2.7845386803575014,32.39850093757326,Scenedesmus,3
23.43216191735375,53.21170297355611,6.885685176768575,6.938494936077026,9.5,7.296209424332593,3.5764285787019428,15.036851761452874,Scenedesmus,3
31.05291813915273,80.25476440593756,14.29049725691919,10.466586795007464,6.344636461577763,7.398161157287575,2.221502376945235,18.9979957593397,Scenedesmus,3
19.384467044281365,39.77316050319493,8.30113412497208,7.800673135741168,8.290819500617104,6.820915450325347,2.293455985999245,47.58160638001685,Scenedesmus,3
23.287597978330215,39.58203825486239,7.4385765481745345,10.948188917239696,7.157841251927048,10.893262124884302,2.2480974925341783,31.623407375092853,Chlorella,0
24.37914273152036,48.539641659192654,7.966486760044374,10.67802401566058,6.435864465408718,5.31535533335709,3.239365724325125,36.629558051991,Scenedesmus,3
28.18115363340576,40.684110517049184,4.450807621784223,22.404457667782236,7.48090009278301,5.714839822072579,3.2685811327167387,17.887379817796536,Chlorella,0
19.726530226726915,50.56816647815716,9.898830546564955,6.210133909597357,7.789519339532314,10.169377815001036,2.649709272418291,49.18756130305569,Scenedesmus,3
22.844737235376503,69.01402815291488,12.880890591913966,4.301468845991647,9.5,7.082174087642331,2.2378161442711,77.79287316872248,Scenedesmus,3
23.146556626152353,63.49857404742751,5.5674268931664574,8.070788011894463,7.3694486829447055,11.610974953121936,2.733080987888347,22.400628882154408,Chlorella,0
20.07908231725017,90.34269262096466,9.42566831337167,4.945123451175477,5.27485914494978,5.869034410001111,2.0002567618158538,33.11062095875843,Scenedesmus,3
35.176937468843114,85.15100410062193,9.428929314448208,15.54929101357094,7.7902697220517165,7.7805562988761325,2.681532873228607,118.22905685428073,Scenedesmus,3
26.274819748670183,58.43395835459769,9.35508384062996,7.031112132539546,4.5,5.567627058031472,3.255340301707432,27.998654743312567,Dunaliella,1
18.706956191898435,53.00259067233313,2.905616899072896,5.591611002371536,7.832604186151454,7.653946146584492,2.1641994063854364,47.5740119152419,Chlorella,0
29.451905115862473,56.09204998949591,7.717317292650797,6.181819208820929,7.501146218636475,4.918768808130623,2.021674379197807,10.844084478683827,Scenedesmus,3
33.346739190594356,72.08659830668184,8.418094987317764,10.352362410517923,8.607875558838877,6.1831643420746145,3.813345615068478,46.763876843046745,Spirulina,4
28.423341009329217,57.88837480293937,7.029355375616327,6.722230440884036,9.362218011331366,4.309351489588028,2.4573993774959173,10.697982355936247,Spirulina,4
18.245283794129165,72.42547024929854,5.6758778012164495,5.00483990539697,6.887067125384094,9.263241181144128,3.109375297676183,104.83318589561716,Chlorella,0
23.029268433178675,66.26747149550404,3.764516698950142,16.36022708172521,6.8635901483074395,9.19430897499292,2.7197704487611425,54.146296899565456,Chlorella,0
32.979696757359086,62.445746724920184,15.661047426471459,4.942755614139495,6.328303398778797,4.519192434981124,2.5433511296141207,62.67309610425355,Scenedesmus,3
21.81003778627754,58.23959650955933,10.730964103648681,7.524474502252803,5.710575251236435,10.900130026145927,2.8048002218659547,52.84923324489683,Scenedesmus,3
27.413700939685487,57.063259896443626,8.757909662030121,10.721191888447963,7.270095713245919,15.294116175201676,2.151992813773847,48.632020374992315,Scenedesmus,3
26.381400343363246,88.57791307795829,7.163255608894091,3.29812565048376,5.3967025272804445,8.244094769559279,2.8517843964469565,32.790487521064314,Dunaliella,1
20.09004205359008,83.31588326686679,13.051381071397682,9.228997559341384,6.814939584999604,5.647412298897611,2.4905684631617677,79.23428071808719,Chlorella,0
24.668550334541955,46.9692960550778,3.9423687938977765,4.828203687863797,5.972712173868216,17.873861249310494,1.9118185793713982,105.85121316163504,Scenedesmus,3
9.652411654141677,79.80292580400818,10.091506464155742,11.097114893267008,7.707581168672411,4.831507686453517,2.977598571531372,38.88780125158912,Scenedesmus,3
20.56083011243827,63.68409340310058,7.603389183558147,4.831691629440901,9.5,7.308956233988103,2.393211064541014,103.08431686030144,Scenedesmus,3
25.56024568689832,78.23457875457034,8.04211144956387,10.238141535767966,5.519296587295256,7.6745104223269145,2.65265699688485,44.75455061081151,Scenedesmus,3
19.32160684754284,75.47880849694725,5.037650623211158,13.300233551471473,4.7293356885157305,10.617922839366758,2.159382315342078,43.402335362466616,Haematococcus,2
31.982642628922484,64.23930401993466,8.323628913289134,11.89448339972644,7.459157669875802,8.466207361395211,3.9024580700248195,35.873736504045645,Chlorella,0
17.953822333414873,42.918067568729185,5.248923438592591,8.465752958235376,7.2270902692052905,6.804819893665314,3.527819705610736,18.886341885538144,Haematococcus,2
23.069069896053865,54.40370412057725,5.735569888431901,5.807202840630777,8.006606436114689,5.685240794292172,3.0714747019658315,1.3400442602767657,Scenedesmus,3
24.449061988878785,61.30906951253266,8.036123919682574,5.543923253833555,6.705153705777186,6.703362323200366,2.550485973343301,19.687940161210562,Chlorella,0
31.587380409955035,70.38950169279352,5.291102935133818,16.366261938798797,6.876313246085091,5.193157536594249,1.896955660925495,42.468836703487824,Chlorella,0
17.637343761552096,49.654603529483836,13.601689892514017,5.345657949935049,8.282114520097167,7.689537330118375,4.104316123965098,31.56912952620097,Scenedesmus,3
33.28974324872641,49.73076284937671,11.01888336371286,4.497465758948925,9.5,6.91112887669011,2.714224318338469,34.5263390626283,Spirulina,4
22.44491656216865,79.36064942483871,8.836875448703069,9.418127481838727,4.732957101430459,4.630062829564597,2.2989569438047015,135.00360863236364,Dunaliella,1
21.30384946777386,84.3765825781464,6.284253572572671,4.783842101220053,7.267168216496354,10.565200267916264,2.889456958177591,25.90095190089295,Chlorella,0
26.031299244430127,66.38326032406364,9.303612740013879,4.689507049709213,7.617128058294892,6.185715867220772,3.2413276405089495,34.71077993947226,Scenedesmus,3
24.211918077450186,47.02890222879101,8.721735740980142,3.663831108394619,5.633921699818074,4.9272639929521596,2.8394258491682756,12.865355448769442,Scenedesmus,3
23.296787981624163,57.59293998994328,2.8807659529497465,6.1564824182366396,9.5,6.060998661316704,3.5909458059416206,6.846761878451596,Scenedesmus,3
26.27665501430125,39.41612785845469,6.2746756864064,7.038343118294076,7.219418833698317,7.69492406594119,3.5305958931247137,61.692702688896475,Chlorella,0
24.520734615281476,79.71820199078867,8.061612736673435,8.513336592997826,8.011835511861058,4.190678524151201,2.1577850650894903,45.67758785291316,Scenedesmus,3
26.59118755054393,40.947957368368854,7.966920901992641,11.899203906715899,8.194110588004905,7.50488961953763,2.2975625685250454,62.87407009276414,Scenedesmus,3
31.226431264879285,68.71987845622387,7.397666981124889,9.14166610277453,6.231288768857745,5.600301430778596,3.1145471810563894,14.523874419360407,Chlorella,0
33.850025227151164,52.19390110323415,6.10771652804411,5.958929239758002,4.5,11.677796209236908,1.608439155444348,45.674263711884194,Dunaliella,1
18.663748316057056,62.8714221612105,5.333557298543172,6.836143233774296,6.279748965811773,8.500369989040962,2.5010708757534403,21.73858973250606,Chlorella,0
36.276693196902116,76.88618824817868,9.651317886041914,9.618982508338203,8.99560335913949,7.034232773919255,2.230534446835528,19.20271206960592,Spirulina,4
16.187057184188188,84.2056834605756,5.284537582741905,13.52971769720955,7.556215663158391,5.492499203554314,2.309593909451738,2.919871470281961,Chlorella,0
23.296429757700185,50.25006590401418,7.788433448358138,7.233571760292718,6.186218169173313,6.611327893297073,2.595622107669243,13.130929303016956,Scenedesmus,3
27.030845986805144,43.31594866530369,8.311038424716909,6.028124895646214,9.022868294920835,8.999892927861094,2.7285667810110206,22.912232696557634,Scenedesmus,3
25.99705550753845,48.39608272617523,7.416496642987722,4.437902311716742,7.485560546866698,7.754204054715713,2.506938692623975,11.928483033197734,Chlorella,0
19.58340457699383,81.5037561620651,6.070540589809857,3.687174754497045,6.598684557068274,6.378061744578152,2.201891147371691,123.0423729482297,Chlorella,0
24.124802461464157,79.3456530758582,7.206124823421636,11.271148501817965,8.51032512365791,7.6728689324925154,4.090823686758624,26.789567421399035,Scenedesmus,3
20.40980025025073,72.72830042739875,6.906501879920386,8.80870506109862,9.5,6.343802453961676,3.6762800285750368,13.6739556358266,Scenedesmus,3
22.111682534177177,71.41363953531092,10.220176996938957,9.516958078592383,9.5,5.97979089350388,2.2375166508102664,18.69710237421922,Scenedesmus,3
30.513410678110017,73.87355049106124,6.817661007069116,6.856151736663224,8.488447022733476,4.109950266488356,4.010957092000243,45.270939196176805,Spirulina,4
26.14641878368493,46.70443982033201,7.579824948497613,16.01754551203981,9.5,10.329612722377997,2.454492662667781,8.066899491837912,Scenedesmus,3
23.341324441726215,88.3262787246747,9.38075331118317,5.325884276609136,6.623916538640126,7.956007190801604,2.6305639637180285,77.47294991189302,Chlorella,0
27.343906646096386,58.636576818722304,7.95861488406123,13.066152820647286,5.616475117894183,6.2257771601369996,2.354200740131937,109.41823862077337,Dunaliella,1
28.117091915598987,58.85526556143224,5.853128805890798,7.296526262878629,8.079951119584171,13.80302157388119,2.265439640585331,22.47125804974611,Scenedesmus,3
30.045430249247858,70.71688589720475,9.018853164519424,5.4249735694118195,8.126700135374218,7.623591577473354,3.290604932091244,36.086621848498396,Scenedesmus,3
25.73298664252063,40.94903807022527,7.922834199680956,9.838593902450576,5.927968645907762,5.292686730716498,3.010474645083506,4.070455435247667,Dunaliella,1
23.681709081805153,44.51428504195025,8.461401139912617,8.870786691676205,6.780086918746199,9.089837409952954,2.5543362618819225,52.05295743484174,Chlorella,0
22.12834041722051,72.85454841139,11.639415517503311,9.295823349587891,7.601081197830664,8.310622563927854,2.1259551949966267,34.37885369505105,Scenedesmus,3
27.47567844833308,46.334347595554696,7.152441211647327,7.284385193351408,8.08369943023171,8.554553426526335,2.227928399216184,23.470941612922378,Scenedesmus,3
26.078281287545213,71.05117180522394,9.074918372659717,7.375596090147017,8.050074225315058,6.397656012763653,1.900528755175063,19.201886125863712,Scenedesmus,3
24.6216191774744,51.93065085139017,7.041567084667833,23.92179627792028,7.801093794681633,7.528947697107931,2.9164503107112263,55.118150840289374,Scenedesmus,3
25.423641247318194,57.951123127616356,5.79630589606106,12.849136389448594,7.08386238156214,7.264339670877576,2.1611787126389412,31.983520501358374,Chlorella,0
31.5494180367479,55.7557075671169,5.855827676039258,11.97726560696122,6.975832705759987,8.813182837677264,2.306684094107709,16.260751078839085,Chlorella,0
21.713939781972748,55.330417548978865,12.687575555166728,7.977584171037012,6.094451951189468,4.093306108456856,3.454795468647464,52.17500191829432,Scenedesmus,3
28.61362752070769,77.11309533521815,11.30555052587074,12.601062726405974,9.5,6.7652749570566035,3.3068670447164794,44.65529374862053,Scenedesmus,3
23.524093423008647,52.85039761342536,4.504790882269342,10.118110359715638,7.39113250479144,13.331271500404798,2.627023565166687,70.96965797335483,Scenedesmus,3
21.59819016662391,65.25381714123013,11.977005698581577,6.954459981726343,7.434539100591523,5.047765800793623,2.746534076212291,12.78674411195004,Chlorella,0
30.266153651874397,61.76885486594166,8.327506388339527,6.904716238413172,6.243628384575911,6.298612177192162,3.9376660842897757,66.32054098119696,Scenedesmus,3
25.679195987984023,71.8098756314299,7.3873710815185145,6.205884586307711,9.5,5.999086004184847,3.005069059881166,56.9620631395057,Spirulina,4
29.581710422908472,86.6294641881979,4.082956892415848,1.4558509358276945,6.01385617875277,5.260401638533264,2.712975084800459,11.897677114663221,Dunaliella,1
29.98365482379952,77.5307373147969,4.759150914700357,8.021146346316124,7.490327193961269,3.833935254758866,1.9726001495418428,55.47931272252748,Scenedesmus,3
25.31007745056448,41.38834176637936,4.51698371037001,5.956202735347614,8.343103877140772,7.11436285456243,3.2152108683030236,36.83428635366254,Scenedesmus,3
30.276392917919345,39.88089294650936,3.6486262601196997,16.5636667700893,8.846446741999731,7.5043181062850834,3.1009953053281714,108.71544758068879,Scenedesmus,3
22.33632164307349,52.07332544555971,6.555856097960926,7.398640889715317,8.792337077439386,6.5923210816163715,2.406370724465526,13.798541818876178,Scenedesmus,3
28.033407978176708,75.00309362100579,8.600013135883946,4.075193552084066,9.5,6.915467785744405,2.8407854775523758,51.443670852185875,Scenedesmus,3
23.821648430288793,40.27243542569535,6.9440880257029445,6.854618393212619,8.635421745908555,7.6373485966077155,2.543236125637287,31.156917702728485,Scenedesmus,3
27.718986532957217,65.3459224622199,5.69575073456191,4.051663368644579,6.393069016935883,10.552631975692046,2.678292980479627,109.27055643252318,Dunaliella,1
27.46501357491141,75.06294843851573,7.118641562783891,9.702514413541909,7.3739931273700545,6.569829981794317,1.6885926525613506,26.807451314891136,Chlorella,0
20.030207538162827,52.989128206028994,3.9535452994401052,8.842512096740592,7.928638922004283,6.539450583344661,2.502425731563594,117.3331049809392,Scenedesmus,3
36.68047668866364,80.09286141300085,9.004745570283461,12.873394579343005,9.5,6.5714364976796675,3.114567681664349,79.29009683129993,Spirulina,4
19.53477894114205,43.51156704872993,10.570125276335602,4.779122333390698,4.8110967693338855,8.950991130461423,2.695661107256355,22.67173232596444,Scenedesmus,3
18.13266464797288,42.65282895225033,10.350872546189796,7.776126408720256,8.642250885040298,10.998762259663541,2.6805136711099236,70.72431737659201,Scenedesmus,3
30.05490667239767,73.34117544409827,11.230287518060804,3.6810652936869825,8.034682072566213,6.175711985432433,2.4185622165514324,157.9424742647498,Scenedesmus,3
28.893726972726842,62.40427884092287,7.99441070860957,11.118016548503737,8.76292296731445,7.9510843537597164,2.686640024730677,23.454549121928892,Spirulina,4
30.007744553807733,84.54837123091127,9.833256859515153,10.067083623234259,7.569443604722744,7.676731545025374,2.5666872890921795,36.606181390909285,Chlorella,0
25.420299027151273,64.34825992288371,9.398365344389683,9.567841277771972,6.2564344508333205,5.29964598989961,2.238422578783622,40.116705581860764,Scenedesmus,3
24.967546293556623,55.20225350862933,8.351605661822802,7.26949812162525,8.872566873123032,7.503208862877729,3.6323358709039035,26.418924710157043,Scenedesmus,3
21.154683265373258,82.94658537075395,2.8580263806017356,9.528759149073673,8.136272697189463,5.331844427530292,2.827694910211532,2.9821768364356642,Scenedesmus,3
25.62449958064849,73.54811241576945,4.954459854035519,17.013424123204654,9.213608603926819,4.158549584195749,2.428542697250311,20.689973059158252,Scenedesmus,3
23.029775269235433,76.21067925366653,7.098424088904422,6.188121490852874,7.851956220806414,9.089834559622455,2.8302131250517752,26.10143481187027,Chlorella,0
29.764543105356854,56.48309753345831,6.904447638192096,7.393684397848453,7.0030649565333665,7.24526966885029,3.0758140274362633,37.15172693502737,Chlorella,0
24.04080870271695,66.54547804370654,8.23400853291512,4.230859354482157,5.6814996993370395,7.813138106744644,2.93073445630291,16.4755506033425,Scenedesmus,3
21.490684354644895,60.8504925034868,5.07029800447757,5.149537194845546,8.835597398977525,7.23993077643683,1.854162143242863,79.75026349777887,Scenedesmus,3
23.509233546922744,46.14903751208351,7.641396434124605,8.20421603626905,8.24725898339662,5.322078129207034,3.279022878495962,52.7383860338843,Scenedesmus,3
26.536343336512513,93.81701255125768,6.464402302424574,12.118630291282509,5.590465390095546,7.264560176684707,2.297930489425488,10.125547658628275,Scenedesmus,3
22.75381651848853,45.862464271437545,6.957147403588411,6.120830232562437,6.514325528903867,4.7452190272026415,2.470376239383455,48.77553017728299,Chlorella,0
20.207368173488756,82.70916833818282,6.682024120970733,6.985435062052922,6.734215211280794,11.172690724107312,4.332103571866427,49.92931446212649,Chlorella,0
25.417230603459615,61.173811868042634,10.302053727719523,5.686527319277822,5.552572618282562,5.287705686052626,2.6227930026551585,100.58782264207525,Dunaliella,1
25.532505107067138,52.792217084558594,6.4339898384840595,5.79947620981237,6.081821348319242,6.754666861958311,2.6442313057498525,1.021837577408705,Scenedesmus,3
23.985138279214482,60.96119840968292,9.155840719601198,8.299520681218612,6.0301633855414565,5.339912604392639,1.6354919620072723,21.61988938047918,Scenedesmus,3
18.99784354859935,74.99659044342484,6.779483049028081,3.777721402246284,6.880723507622624,8.022361383304178,3.5572174872033764,96.52574515684991,Chlorella,0
26.67769790144823,76.95367849824441,4.816459533469747,13.479728761041715,6.335331232594049,6.814828778656824,2.1552599839521434,93.81136864210626,Scenedesmus,3
17.790010940889147,78.5504404874964,7.421400718583725,5.60064941490014,5.122456478683308,6.407937097379629,2.1556286552943096,61.936125396819136,Scenedesmus,3
16.45303412426891,72.96735164059689,11.720954432279397,10.699020774967739,9.5,9.574856229525038,2.439019128501617,63.429005087553804,Scenedesmus,3
21.739307013998474,78.14049473183799,4.216900106058185,3.9651020929459433,9.17761813138174,7.373766465345421,3.6492831885636945,10.066000125068708,Scenedesmus,3
24.50206725433576,80.18154517124721,8.988665092411734,9.306450053526142,5.791780752809532,8.501539347045338,3.3502613156560677,40.66898913320159,Scenedesmus,3
27.337417691687378,47.56831469012282,7.2196881462560665,9.200656155182434,7.810583164872476,5.64284020762083,2.479824844656414,22.56375700629553,Scenedesmus,3
28.08389825116791,71.06176207606104,9.749088819884824,8.855258616326037,7.9311818340329205,4.840959997970367,2.8694566716121814,17.382693185005564,Scenedesmus,3
31.289259137857723,48.51452473402494,10.131877792411288,4.54967344671155,9.047042586823382,7.7507395132868515,2.2018863139763694,68.89107473782154,Spirulina,4
23.307634600338652,84.65038344407768,5.832360128381298,7.900054319895401,6.402825779642492,6.787195842921735,2.7403204277894218,12.750231116283553,Scenedesmus,3
25.75986466517514,92.01534998016048,11.256988718350536,3.8670796490310164,9.439094390054338,9.417605383562195,2.7631632330694473,36.43161763276443,Scenedesmus,3
20.727958346039525,41.1644643762209,5.836711156105713,6.694626320575014,6.755673437877877,7.458220721590695,3.158454723336115,100.25596470168715,Chlorella,0
23.81562056610648,75.04016315725178,8.773009792516273,12.710908279779849,5.769756760456148,7.933699894022174,3.223026854164364,17.07931887299088,Scenedesmus,3
24.334619878111983,88.34474799378319,8.316048240171456,10.929221627268603,8.833299468606375,4.884966239201786,2.789276899379329,111.93918187186893,Scenedesmus,3
26.100624794618174,51.68510444463225,7.324190121879537,7.735807628628351,9.296928095312943,13.294185660747912,2.5380016304188033,143.04954189125687,Scenedesmus,3
18.703000632694852,67.25687161559452,6.864899098522696,4.272044789353257,9.5,7.492744607063682,3.3194636527685066,46.64778109070184,Scenedesmus,3
29.20802565275462,92.29306457700572,8.072839298326345,10.022542879245865,5.789572885582407,9.385555480342417,2.5223400498394972,17.491682355463617,Dunaliella,1
31.39790296770718,37.244444691998574,11.378422842836017,8.075750151985368,8.79361847841657,5.220305456829566,2.1212140452119326,25.06658939550306,Spirulina,4
23.411316138258847,77.71531538086454,7.152581670400416,2.3239131926793624,7.36652687427267,8.633109285921483,2.5706512041508223,34.798603073264964,Chlorella,0
26.46424720445672,52.5643135374961,3.847611752372983,10.996869912523467,9.19171164117573,5.032327720879238,2.9321749730147824,24.254558540721277,Scenedesmus,3
28.83798650029175,92.13565836228442,6.950401947404362,8.141745691826337,5.150930575588627,8.440311647245887,3.017563343402519,25.521871627806338,Dunaliella,1
22.928054142356974,89.18183487180102,7.307239110933693,12.5370755459942,5.577253764965142,6.7340528181127555,2.598201088990472,118.5289482292582,Scenedesmus,3
26.836250484275006,84.27900890324733,7.276765759281385,4.443373219063496,6.548772505539528,7.3254712930390715,2.1645609161742474,15.850174600709964,Scenedesmus,3
23.38438344901158,65.82221469315553,4.994492481870765,1.6348762007064614,8.025270242173246,9.21359128861352,2.7352762965709934,55.05487643187145,Scenedesmus,3
24.542269178635866,86.81342537052842,6.381154138552648,8.357552916518474,6.845344970738905,4.954010105643276,2.4363112299945477,0.2854700486033665,Chlorella,0
21.012371458271534,84.86653641092944,6.8978431710181916,8.916159589838173,8.461469906317827,6.400772426551136,2.8918987928954816,46.824734984146666,Scenedesmus,3
27.50653937418482,53.074189789487384,7.611050639595598,3.0171623985736598,8.47350224925475,8.427512821345772,3.5155427596166873,95.415097328549,Scenedesmus,3
27.33355617079696,79.47471625147908,7.252936188710905,4.37457885686708,7.979844684551196,13.601116975846587,3.35214617173945,25.450362188291283,Scenedesmus,3
34.00594920628961,41.84185924636065,10.585737920124966,29.864613576517126,9.5,6.761369729891735,2.289254065296444,17.45282387869067,Spirulina,4
29.85379430355883,69.66946989862288,9.943203919149017,6.595228900502572,8.262747524657552,8.941381659225982,2.3414726794148244,50.24861495160361,Scenedesmus,3
34.90098766737219,53.431053027930076,7.782631828089393,11.245994433934799,5.362923618095673,7.222639181741381,2.4030935013994204,60.181570375406416,Dunaliella,1
20.902187501803997,41.391215906970416,11.695120766503013,5.755892162495146,9.5,13.489461133301985,3.2682562392097187,55.18763441736741,Scenedesmus,3
29.11434954595895,44.58063303366536,7.091876011798142,2.5895148033063617,6.800325578778833,4.149985607013802,3.748155972518461,25.291537274287002,Scenedesmus,3
26.6989356075268,73.72969917926328,10.568709877902092,7.191058699601598,8.355310399488747,6.993215793965549,2.5977542396197912,20.928342335192905,Scenedesmus,3
38.419810697002355,54.6042835391029,3.9058489801750436,6.359401816880309,9.5,4.6792466156061625,2.504523021742071,98.91077854856292,Spirulina,4
21.33542727971716,73.40804065883172,6.336356442770971,6.322899115794404,8.030526789193823,3.74205379277532,3.608446428866969,91.36744355020298,Scenedesmus,3
22.036034123722136,42.803688219120076,8.640039138728191,7.049809371552988,5.586247526824296,7.664178460628635,2.995789563830091,37.99682141359849,Scenedesmus,3
20.94162156902656,45.72387833475693,12.916998938091748,8.620761080102007,5.959373772516788,8.317164828879166,3.0476021271355,76.62338507453399,Scenedesmus,3
14.082391233643056,64.62613643499456,6.227109619516193,6.99989980228202,8.997284905967513,6.880178925685868,2.3037819685665513,34.70638273405118,Scenedesmus,3
21.56104814748056,76.0532109177626,5.924212539359209,3.6123537469094393,7.080325702203707,7.154836527158254,3.2875911039206698,35.013344103982035,Chlorella,0
21.53771614102958,57.42775651897816,6.703394469868352,8.892826498339618,7.5831119108220255,18.346011273602066,2.097108153552005,14.734466761206766,Scenedesmus,3
25.289774673223143,68.42308494664628,10.148580011904112,2.8022652155017505,8.47044755632257,6.364965324020945,2.190946097333497,33.96243028444102,Scenedesmus,3
27.683347115726512,83.39219471074442,8.999177058520155,2.4270704366257174,8.452203255424326,9.03623807238203,2.6295731776209688,41.66084438478603,Scenedesmus,3
32.780422490882664,76.2522911668642,13.09098836260888,11.137417324850102,8.050419856287238,5.84530196210869,2.492572696928049,4.172216882921971,Scenedesmus,3
29.81613232328808,54.215785796754226,8.021558938813282,9.936006068883989,7.125484158516798,7.758577154032362,2.5186242555457987,32.29591069063206,Chlorella,0
22.874991400507405,43.079622196050636,10.270555810927965,7.2974756421850255,7.007755528129008,7.220581763311451,2.33456188352642,63.2983921074565,Chlorella,0
18.390172752925686,81.41785273723828,10.278704278425593,3.47149927631608,8.035912589233577,5.917794443810024,3.0826178456057045,50.08222421273463,Scenedesmus,3
30.372552770431316,42.17841004273174,11.347718972717516,5.544323769856499,8.49350345913385,11.78033536273547,3.221528744361088,49.623317765392514,Scenedesmus,3
18.138350739059167,82.755811040068,13.443520208338779,7.139385940213044,7.0823201630802775,10.509171640530147,1.8629170718594468,95.13666688766172,Chlorella,0
30.698799661899756,65.79536782786259,6.283973101072016,3.3514059669893075,9.5,7.811380709984658,3.6557341191862234,3.3716793873275206,Spirulina,4
31.141433548533094,88.73456129530426,12.362430986952974,5.236702846226619,6.963204586582344,3.7912057301257773,2.21485148571936,42.48709630080191,Scenedesmus,3
22.69200335921918,77.5530034361039,6.856489705961382,10.34187894018437,5.659900245159239,6.5305573832994925,3.183606162446805,69.82829431372853,Scenedesmus,3
16.367033402426024,96.60750854819337,8.96812341843776,15.484284747918188,6.558137446108131,18.728382574411736,2.8257526664418826,44.609596367064114,Scenedesmus,3
33.343837328312816,57.07493166347231,5.022781216813344,5.955330771516446,6.136399366624657,6.816468046023024,2.7315292194483773,26.635571436667284,Scenedesmus,3
25.340203930180206,80.78213304100376,8.043079779642648,10.7673076095211,6.733825636585284,10.169152462351397,2.575667559538316,14.369016982771752,Chlorella,0
31.653605800696578,64.47037371517155,10.499108827985866,2.9661368496389375,8.635383927461657,10.934442372465695,3.561974208774829,79.66729639146811,Spirulina,4
17.411121100079814,67.29475230187862,9.28965093886012,11.48020056954901,6.776049700020397,7.939619906188521,2.1503192063683128,39.538719568477006,Scenedesmus,3
21.88831428544037,66.34717387010988,2.207734343956995,4.5972176876464586,8.332994452907188,5.9164601503179055,3.227818907919414,90.93804359506412,Scenedesmus,3
27.24790959535742,85.54538590350066,8.882587591953868,8.5717221725596,5.704681173380423,3.7729001282124184,3.606869531209289,47.166669216387646,Scenedesmus,3
23.36853456906728,92.99855948142593,7.027877353914873,6.14284004534451,6.946648771929225,8.39693268296838,3.1851568919055233,48.345823145094826,Chlorella,0
22.908524136223942,81.91038335938482,3.232668890308126,15.437486813350448,5.670535308512426,5.715587914130823,4.390403154024037,67.34527795291478,Scenedesmus,3
28.205655597507683,57.499005439008464,8.494732986450906,4.631842940083272,6.998543446607998,7.964025107989313,2.471584141526654,54.12205012434294,Chlorella,0
20.461429666584984,59.0616636451688,12.648755379658414,9.383071215767027,7.032589909717244,5.227767004397127,3.3723951527830613,31.14544681013181,Chlorella,0
23.263322098237655,80.70215293238404,4.799629019542248,6.630346679512434,8.192939309008896,6.826117863308342,2.668553611415736,42.75227798945426,Scenedesmus,3
23.36944835626282,49.96060912937231,3.9203109450021265,7.422137977616092,7.395814387222386,7.666618561101689,3.4786726224455657,71.13571000289974,Scenedesmus,3
27.78839190280527,44.84154190306869,8.799010628933427,6.963723904327527,5.216345145488327,7.685143898067586,2.8764934442535917,29.06835534657425,Dunaliella,1
28.95964445632646,62.2799607003915,4.122453962021079,4.890777403541071,9.5,5.7005556977793725,2.7060630084292367,31.17848136153421,Spirulina,4
20.819972253659802,54.232026560728634,5.532169266262132,7.4872466646575955,7.095285077916024,11.10629810717958,3.2636446074861407,10.330717758364136,Scenedesmus,3
16.228696692723535,52.8234850501879,7.568911701683359,7.667784998384665,7.8939963492881216,5.762188604865767,2.4649919562279647,90.28947512095816,Scenedesmus,3
33.200582683419604,49.412607296221914,11.188737204808579,7.971925823830978,7.8180832132409215,4.230859832684956,1.9786470038192954,10.153320031179625,Scenedesmus,3
29.81751925626385,42.805111185578255,8.249177612165322,7.664846774771349,6.2355077088682975,6.7769493981392595,2.4132150477880163,54.503543929721246,Chlorella,0
20.856049190887727,38.16782921848252,4.1283083289872025,10.762874594869604,7.46500477210186,7.718725039643611,3.1384610007602216,36.34950886176079,Scenedesmus,3
30.641470209733004,88.28069938569016,5.76388911632001,11.040681149761154,8.711597898992839,7.255678792063928,3.7111124332074814,30.027837594753645,Scenedesmus,3
25.057886060748377,62.41148543229606,8.559780457830191,4.297929067379903,5.009672889315433,10.93479604779284,2.7637923555665425,49.26042865730334,Dunaliella,1
30.91812113417935,63.06287673580239,8.772014324795435,12.040703627644993,6.485319306225262,7.039562161679223,3.199779084577848,8.34443684544279,Chlorella,0
26.05184377609866,76.45170339261959,6.071961825685417,4.198670880146569,7.54543469007423,7.105011154146546,1.9717268599133515,43.091553317717,Chlorella,0
34.259817346537396,49.09494543681775,10.742738684636276,10.233180504330495,8.35988772886696,5.375792467765928,2.5991817878836856,65.04233856484309,Scenedesmus,3
36.40317825617436,92.65352935789532,5.385768844268775,10.146882183712876,9.414941034252827,8.94776199661307,2.214263145735607,75.65843714276573,Spirulina,4
22.431383511034152,78.12941525438778,3.955854248608327,2.91587884671111,6.056930471716716,8.0413879795499,2.814441351766291,17.570045645064873,Scenedesmus,3
27.26140801365547,41.72293045710984,3.7334643117949593,7.430824943300567,6.613455091967208,6.314516675571262,2.8364309771149165,87.41309177317831,Chlorella,0
29.788828851032434,60.35535316004255,7.339102929058604,5.755497319413046,6.8275851398798855,4.105113710147553,3.3264848400379226,51.72227788241293,Scenedesmus,3
28.2216019674701,89.99305596564774,9.435130490405168,5.104751607231415,6.238322850831337,11.532165768457286,2.4622130446691988,74.72162681205764,Scenedesmus,3
19.969462886755604,87.95735013135378,10.272312287249669,14.719992015129316,7.306879705286786,5.138887856878048,2.506852487385423,38.11025675242785,Chlorella,0
32.86208113412795,63.40975113693157,13.29213178536572,5.414296870923525,7.99410155566383,6.195448316350062,2.751827695582203,42.553376142254756,Spirulina,4
30.27388119520766,76.4557034234639,11.506564211852046,4.903115108983049,5.477001029530522,7.918878385394661,2.4027312607375304,95.39211023876365,Dunaliella,1
15.298127585110405,44.89127548959111,7.808112441293545,7.529254004256145,8.215351704422229,5.083204429188364,2.7800410953097727,84.07554428110227,Scenedesmus,3
19.028939616345422,83.8016193096468,10.762049366016559,12.053957344664877,4.8255595398457345,4.721168063708679,2.553773665666962,34.58220165312499,Scenedesmus,3
14.766236776127215,47.41602737448021,1.1092865308361288,7.195942241571334,6.449248740803511,3.638544138214552,2.641409189218499,21.698368722263908,Haematococcus,2
23.842958205247545,88.76015329463783,13.827400262018298,13.512729629188653,6.386436462818607,8.961170196334438,2.662721587009471,27.87114200952131,Chlorella,0
29.53434042521658,73.08572295912518,10.367566056527046,9.523466304808487,9.5,6.395807156922651,2.646687208929725,29.37969600394554,Spirulina,4
30.82261730209321,75.81625661648668,9.002871693433493,2.430446552618167,7.069100669265637,16.646136532621266,2.6122306590310025,22.360256880766578,Chlorella,0
27.51116859679502,66.43344289201616,9.075870734960793,5.633354039262407,4.5,5.800315154392455,3.296293958476759,23.42616866719945,Dunaliella,1
33.549269816814935,50.49210912722564,5.38661129885962,5.66107747933189,4.517176261745224,5.9602466602558986,2.0552215047791758,76.63544339264871,Dunaliella,1
18.75722288611254,48.830783459473814,11.652609468036058,8.507434828083682,7.500979415535054,5.848014431932182,2.2233667644944686,8.453504472157757,Scenedesmus,3
15.965395717738485,51.32460744662042,6.316830375500997,1.8328499213851654,8.916212174089345,8.487688404089647,4.386616519230062,51.63528548607228,Scenedesmus,3
26.312375284858366,45.19918989425796,11.433560411149802,25.58849108270146,7.534050532370872,6.370857177804366,2.224863971241675,13.841035056919882,Scenedesmus,3
26.574330496482276,89.68221813735776,7.319927007478412,9.735867568275301,7.959242325630786,9.064896769463912,2.1939431029796754,30.26952379704564,Scenedesmus,3
25.181198274018563,59.001054931905834,6.6545338373722895,7.864843233148589,8.471036197125661,5.372414318201357,3.1192997009048873,7.561708021112446,Scenedesmus,3
13.978692600261653,43.34251905080644,7.565555371542809,14.326147788954609,6.4101554171626836,5.107149321067046,1.6591472201697643,22.654889347178656,Scenedesmus,3
23.330446915917527,91.1758520634284,2.855266004972042,22.083187172021624,8.306227934144557,4.395744383269124,2.702249299517942,59.74471651684625,Scenedesmus,3
19.11347342245349,87.17553473754576,5.053206099667492,10.991059971672033,5.249495483972882,3.637760825346978,4.527119428526914,87.68869244927474,Haematococcus,2
27.719586377225113,85.78051014604097,6.996376698532292,12.777186461415539,6.122488876680437,5.956917426607997,1.9312493744842743,20.00725148472171,Scenedesmus,3
25.687459859514743,86.91284199878513,13.878288325779788,7.93973247674735,4.786204260025814,6.258170438370827,1.7849465516777576,34.95692706261192,Dunaliella,1
19.64775064634786,50.15426789984954,9.602366462233022,7.188830559772734,6.695520705654793,6.171377696923987,2.066011658528248,36.23325159181112,Chlorella,0
23.214564537881696,60.9656097316079,3.8589778959668077,6.42206139323483,7.3192629270703025,11.036890112592435,3.517129295787815,87.9721145946942,Chlorella,0
19.084206416142468,74.75691900147228,11.190236846572844,4.719192901833813,7.378319309821057,11.028015203057727,3.3155379324358796,63.49299263754118,Scenedesmus,3
24.541379475357076,80.1082972335846,9.008997968792888,5.214873666422471,7.7384003710510765,6.643524234421118,2.2899653836869294,39.78809219741076,Scenedesmus,3
29.798084700435343,48.39436358340514,4.900043316428368,3.709907898543576,5.805957569311664,4.064265641681621,3.2146718890720267,51.10802225335542,Scenedesmus,3
18.147178845022605,83.7398220015598,5.844345729770661,6.418748708066353,7.694338030112139,6.021218369750321,3.7330551500458045,68.9390255136559,Chlorella,0
25.49594553624362,54.78687916714856,7.236777616753991,3.1331054765964366,4.813669255652631,6.527814846974441,3.8875370516227052,2.238039559559474,Dunaliella,1
22.724480791531317,51.2469061428218,12.733928626107895,8.487280417607778,9.159938185180396,5.919959878202229,2.5153940982220635,32.67531962833539,Scenedesmus,3
20.26044177650682,67.90811296122692,9.471944215406458,7.452170473209048,7.63531794656752,6.036531679989041,1.8007947681720542,93.97109401208832,Chlorella,0
25.757478927420916,72.46779496414693,9.059855794715608,8.198509668985423,6.6194487879789525,5.747001754447553,2.3676159101483396,54.16202021557543,Chlorella,0
20.78207736023234,66.5033834310135,4.743695228565642,5.584418279539098,9.233636213248255,6.690754354606994,2.399978550748094,40.07721175131496,Haematococcus,2
23.031172498069598,44.69480773480442,7.040229620115697,33.28394600283314,5.69837146894066,5.966661353783983,2.5874270612499664,40.22745497974678,Scenedesmus,3
20.740359172801842,84.39955023268367,5.356832162898693,15.511602788164067,5.673479391767652,8.277234055740914,2.4411040865928153,28.363234231590976,Haematococcus,2
34.67895208227943,50.733062045957496,11.616929028313354,3.867268774048512,5.610940514077428,8.551094231551762,3.5166136433949093,40.42860369586328,Dunaliella,1
25.99314063761785,51.861441007106045,7.080183191076233,8.423547758674351,6.992819743358236,5.483309540891547,3.4614490084636786,51.83703452825534,Chlorella,0
20.873101306847037,78.49599374217388,8.854574550433883,5.496604265266946,9.275206367379278,10.750650416856226,2.5693139527779127,33.91251268443564,Scenedesmus,3
29.26655141851775,82.08502975307205,7.094084324744253,4.774544645428195,8.501226231893352,5.355042894676242,3.3805955714909444,55.46732228495612,Scenedesmus,3
26.862197392221066,88.56741158032534,7.792544801006169,3.964548133853678,9.5,4.22510360046276,2.9257347043836237,82.38214031858949,Scenedesmus,3
23.909346241766702,83.34583747678336,6.515509198729163,8.57759107204137,4.5,7.928113785821438,2.876791094822738,15.556078768299223,Scenedesmus,3
28.61342338487439,69.0295313493094,1.981080981872492,4.943612430905528,8.670153518659536,5.839467642223612,3.354943875365885,35.02554684589979,Scenedesmus,3
30.744080152384438,69.59377063580718,5.974098642525981,12.335083194886325,6.408905870627092,8.269049678036653,2.7362796492122747,35.112005495997074,Chlorella,0
22.18308429997041,47.60424777117722,5.3352532724938,12.105610703174644,6.31149725610875,3.61936779229705,4.259001306491741,59.599948210898454,Scenedesmus,3
21.394652737580177,60.33123193055888,11.882739092086341,14.352664854443528,6.791589131063814,11.051157443351244,2.079560416529275,22.796418613477137,Chlorella,0
24.657130611923485,66.25345028228095,5.209121034491235,5.069999349585394,6.061080512518673,9.462019062250679,2.3998471956230003,43.0837908558607,Scenedesmus,3
13.543302993750187,48.41998661925611,4.733069355740364,9.459429935594965,9.061218760033304,4.725763306163458,2.6338345502010103,88.45490487960032,Haematococcus,2
17.583469862430203,78.81346719682385,5.774783899652156,10.163943879514346,9.5,4.908289286657998,2.946010242180056,34.538122960581376,Scenedesmus,3
30.506446150661173,68.57297616691507,6.237813305320099,6.056677474414659,7.371292531995904,11.12070828425454,3.5913972322623344,99.14750117207738,Scenedesmus,3
30.37136957544263,46.015598724336556,8.335504249416875,4.9292185064120835,9.5,4.7611095443194,2.6554089820706204,154.94681566491016,Spirulina,4
24.03529582193509,50.48795939862522,12.634680604525151,17.818956393090886,5.565594418475794,5.834766334814826,2.005394040392043,12.545770284639126,Scenedesmus,3
29.144427908727742,73.08593849917149,9.733928054913449,7.952992470970765,5.228467364124144,3.4773875399190697,3.5338637795418006,21.55304491981277,Dunaliella,1
26.256421739985907,44.779366200722876,4.9028579448772,10.48874117613317,4.5,6.5803447051600115,3.309867150681456,111.10046471184275,Dunaliella,1
43.295589761841875,85.92779432375396,9.438060797437203,5.249854531351325,6.240759362973412,6.7968823104587255,1.7733248303448523,118.85254691300247,Scenedesmus,3
29.520957385982335,66.70805479724692,12.226827756256728,3.7397060127070767,7.019896864904268,9.885069570003584,2.7937543830857963,11.09230377478036,Scenedesmus,3
23.075760287289587,67.35903930281411,4.491974397005876,5.462788080112637,7.491788037373969,4.953423382016861,1.989476815705669,2.8159803431753065,Scenedesmus,3
20.15432023234268,66.0736830835373,8.312598895784253,7.341391670720323,7.877580725587751,4.72171799839505,2.4265200771139264,15.441751840978302,Scenedesmus,3
16.897697814211444,80.3089103603267,7.6542858952237856,4.591193911497066,5.25885958851274,8.81351505423043,2.2848075781523756,159.30395014040744,Scenedesmus,3
27.01894425290053,54.693063038943635,7.397467204922017,7.289725133464005,8.571093436232188,10.178485410543846,3.385945452729616,17.075019968690658,Scenedesmus,3
20.396078670885608,72.47410532854134,5.904996136219726,3.059716250541347,8.308830786203375,4.506426753491682,2.8306303730954205,36.9003469554018,Scenedesmus,3
19.112404972182954,71.75289725595732,6.412345494428267,4.422326673258094,8.645371604922934,10.768683291045734,2.0954588192211014,70.1155881347414,Scenedesmus,3
23.907842988544058,53.63946824881495,8.322670560865745,10.945717077804046,4.5,7.058102079253758,3.4103346228977034,3.619583205722409,Scenedesmus,3
19.553913984272853,94.87137922142769,7.67558629553772,9.411173948989049,8.246898361703524,10.418413199874902,2.0643916536388445,49.47640229530018,Scenedesmus,3
35.52495582101246,80.6436819895797,10.447756201874734,5.7086240297322615,5.774871065190859,6.675190200105212,2.921444877942842,25.470381770189192,Dunaliella,1
27.854714991324713,73.1402360647856,11.519411872559465,4.492088444834215,6.0335552372271435,3.5024480856008964,2.3461531015039054,82.53450765735235,Scenedesmus,3
26.30202063097337,82.96724542163685,6.045497181643505,4.559811501163822,8.479346947719973,7.127873966084712,2.514749370517025,25.3078552328985,Scenedesmus,3
34.0962938508108,80.7061732106723,7.59049762091686,6.039368736496458,7.786253156528942,11.007066974391503,3.0081202826415714,55.00170642584572,Scenedesmus,3
26.48283880875748,75.20005232372928,9.683205242253093,10.545084986981038,6.228950407953112,5.209044119291097,2.928575956419923,49.271863667701076,Scenedesmus,3
20.677476192912778,86.46617649806045,5.4281290139731855,11.335850534448957,7.844216985453828,6.379601088467023,3.418192714233102,19.4104182709241,Scenedesmus,3
27.79788728663221,75.30024264093598,6.969069349365761,5.155073436213276,5.027784022022543,7.297053008647097,2.5404245320438177,5.3227918988262415,Dunaliella,1
26.805932988103333,71.07095834563891,6.663206917804729,4.062631405488634,9.380618369840834,3.1480169131873645,2.6889489517041207,31.785551347186836,Scenedesmus,3
19.193681451830635,67.64972998970205,8.321973356292931,8.474642240690802,6.628589585425407,12.309596118114598,2.3808794871367702,24.488369142290722,Chlorella,0
22.872037874941164,75.88824205700736,8.876166800475369,4.827576217748978,9.364635129581874,5.368776206404256,2.794481114442008,71.51222780295156,Scenedesmus,3
20.747952937227545,48.10726992795556,13.573558108363486,5.371986739250889,7.365473768946504,8.345601147112136,2.983329153898159,71.65052515430006,Chlorella,0
17.70713267321444,89.05919972508543,5.256869835838173,13.03277269981596,6.38063110256973,7.647516001465685,2.6292019511534575,35.4896919393499,Chlorella,0
